PassengerId,Survived,Pclass,Age,SibSp,Parch,Fare,Sex_male,Embarked_Q,Embarked_S,Sex_male_encoded,FamilySize
1,0,3,22.0,1,0,7.25,True,False,True,1,2
2,1,1,38.0,1,0,71.2833,False,False,False,0,2
3,1,3,26.0,0,0,7.925,False,False,True,0,1
4,1,1,35.0,1,0,53.1,False,False,True,0,2
5,0,3,35.0,0,0,8.05,True,False,True,1,1
6,0,3,29.69911764705882,0,0,8.4583,True,True,False,1,1
7,0,1,54.0,0,0,51.8625,True,False,True,1,1
8,0,3,2.0,3,1,21.075,True,False,True,1,5
9,1,3,27.0,0,2,11.1333,False,False,True,0,3
10,1,2,14.0,1,0,30.0708,False,False,False,0,2
11,1,3,4.0,1,1,16.7,False,False,True,0,3
12,1,1,58.0,0,0,26.55,False,False,True,0,1
13,0,3,20.0,0,0,8.05,True,False,True,1,1
14,0,3,39.0,1,5,31.275,True,False,True,1,7
15,0,3,14.0,0,0,7.8542,False,False,True,0,1
16,1,2,55.0,0,0,16.0,False,False,True,0,1
17,0,3,2.0,4,1,29.125,True,True,False,1,6
18,1,2,29.69911764705882,0,0,13.0,True,False,True,1,1
19,0,3,31.0,1,0,18.0,False,False,True,0,2
20,1,3,29.69911764705882,0,0,7.225,False,False,False,0,1
21,0,2,35.0,0,0,26.0,True,False,True,1,1
22,1,2,34.0,0,0,13.0,True,False,True,1,1
23,1,3,15.0,0,0,8.0292,False,True,False,0,1
24,1,1,28.0,0,0,35.5,True,False,True,1,1
25,0,3,8.0,3,1,21.075,False,False,True,0,5
26,1,3,38.0,1,5,31.3875,False,False,True,0,7
27,0,3,29.69911764705882,0,0,7.225,True,False,False,1,1
28,0,1,19.0,3,2,263.0,True,False,True,1,6
29,1,3,29.69911764705882,0,0,7.8792,False,True,False,0,1
30,0,3,29.69911764705882,0,0,7.8958,True,False,True,1,1
31,0,1,40.0,0,0,27.7208,True,False,False,1,1
32,1,1,29.69911764705882,1,0,146.5208,False,False,False,0,2
33,1,3,29.69911764705882,0,0,7.75,False,True,False,0,1
34,0,2,66.0,0,0,10.5,True,False,True,1,1
35,0,1,28.0,1,0,82.1708,True,False,False,1,2
36,0,1,42.0,1,0,52.0,True,False,True,1,2
37,1,3,29.69911764705882,0,0,7.2292,True,False,False,1,1
38,0,3,21.0,0,0,8.05,True,False,True,1,1
39,0,3,18.0,2,0,18.0,False,False,True,0,3
40,1,3,14.0,1,0,11.2417,False,False,False,0,2
41,0,3,40.0,1,0,9.475,False,False,True,0,2
42,0,2,27.0,1,0,21.0,False,False,True,0,2
43,0,3,29.69911764705882,0,0,7.8958,True,False,False,1,1
44,1,2,3.0,1,2,41.5792,False,False,False,0,4
45,1,3,19.0,0,0,7.8792,False,True,False,0,1
46,0,3,29.69911764705882,0,0,8.05,True,False,True,1,1
47,0,3,29.69911764705882,1,0,15.5,True,True,False,1,2
48,1,3,29.69911764705882,0,0,7.75,False,True,False,0,1
49,0,3,29.69911764705882,2,0,21.6792,True,False,False,1,3
50,0,3,18.0,1,0,17.8,False,False,True,0,2
51,0,3,7.0,4,1,39.6875,True,False,True,1,6
52,0,3,21.0,0,0,7.8,True,False,True,1,1
53,1,1,49.0,1,0,76.7292,False,False,False,0,2
54,1,2,29.0,1,0,26.0,False,False,True,0,2
55,0,1,65.0,0,1,61.9792,True,False,False,1,2
56,1,1,29.69911764705882,0,0,35.5,True,False,True,1,1
57,1,2,21.0,0,0,10.5,False,False,True,0,1
58,0,3,28.5,0,0,7.2292,True,False,False,1,1
59,1,2,5.0,1,2,27.75,False,False,True,0,4
60,0,3,11.0,5,2,46.9,True,False,True,1,8
61,0,3,22.0,0,0,7.2292,True,False,False,1,1
62,1,1,38.0,0,0,80.0,False,False,True,0,1
63,0,1,45.0,1,0,83.475,True,False,True,1,2
64,0,3,4.0,3,2,27.9,True,False,True,1,6
65,0,1,29.69911764705882,0,0,27.7208,True,False,False,1,1
66,1,3,29.69911764705882,1,1,15.2458,True,False,False,1,3
67,1,2,29.0,0,0,10.5,False,False,True,0,1
68,0,3,19.0,0,0,8.1583,True,False,True,1,1
69,1,3,17.0,4,2,7.925,False,False,True,0,7
70,0,3,26.0,2,0,8.6625,True,False,True,1,3
71,0,2,32.0,0,0,10.5,True,False,True,1,1
72,0,3,16.0,5,2,46.9,False,False,True,0,8
73,0,2,21.0,0,0,73.5,True,False,True,1,1
74,0,3,26.0,1,0,14.4542,True,False,False,1,2
75,1,3,32.0,0,0,56.4958,True,False,True,1,1
76,0,3,25.0,0,0,7.65,True,False,True,1,1
77,0,3,29.69911764705882,0,0,7.8958,True,False,True,1,1
78,0,3,29.69911764705882,0,0,8.05,True,False,True,1,1
79,1,2,0.83,0,2,29.0,True,False,True,1,3
80,1,3,30.0,0,0,12.475,False,False,True,0,1
81,0,3,22.0,0,0,9.0,True,False,True,1,1
82,1,3,29.0,0,0,9.5,True,False,True,1,1
83,1,3,29.69911764705882,0,0,7.7875,False,True,False,0,1
84,0,1,28.0,0,0,47.1,True,False,True,1,1
85,1,2,17.0,0,0,10.5,False,False,True,0,1
86,1,3,33.0,3,0,15.85,False,False,True,0,4
87,0,3,16.0,1,3,34.375,True,False,True,1,5
88,0,3,29.69911764705882,0,0,8.05,True,False,True,1,1
89,1,1,23.0,3,2,263.0,False,False,True,0,6
90,0,3,24.0,0,0,8.05,True,False,True,1,1
91,0,3,29.0,0,0,8.05,True,False,True,1,1
92,0,3,20.0,0,0,7.8542,True,False,True,1,1
93,0,1,46.0,1,0,61.175,True,False,True,1,2
94,0,3,26.0,1,2,20.575,True,False,True,1,4
95,0,3,59.0,0,0,7.25,True,False,True,1,1
96,0,3,29.69911764705882,0,0,8.05,True,False,True,1,1
97,0,1,71.0,0,0,34.6542,True,False,False,1,1
98,1,1,23.0,0,1,63.3583,True,False,False,1,2
99,1,2,34.0,0,1,23.0,False,False,True,0,2
100,0,2,34.0,1,0,26.0,True,False,True,1,2
101,0,3,28.0,0,0,7.8958,False,False,True,0,1
102,0,3,29.69911764705882,0,0,7.8958,True,False,True,1,1
103,0,1,21.0,0,1,77.2875,True,False,True,1,2
104,0,3,33.0,0,0,8.6542,True,False,True,1,1
105,0,3,37.0,2,0,7.925,True,False,True,1,3
106,0,3,28.0,0,0,7.8958,True,False,True,1,1
107,1,3,21.0,0,0,7.65,False,False,True,0,1
108,1,3,29.69911764705882,0,0,7.775,True,False,True,1,1
109,0,3,38.0,0,0,7.8958,True,False,True,1,1
110,1,3,29.69911764705882,1,0,24.15,False,True,False,0,2
111,0,1,47.0,0,0,52.0,True,False,True,1,1
112,0,3,14.5,1,0,14.4542,False,False,False,0,2
113,0,3,22.0,0,0,8.05,True,False,True,1,1
114,0,3,20.0,1,0,9.825,False,False,True,0,2
115,0,3,17.0,0,0,14.4583,False,False,False,0,1
116,0,3,21.0,0,0,7.925,True,False,True,1,1
117,0,3,70.5,0,0,7.75,True,True,False,1,1
118,0,2,29.0,1,0,21.0,True,False,True,1,2
119,0,1,24.0,0,1,247.5208,True,False,False,1,2
120,0,3,2.0,4,2,31.275,False,False,True,0,7
121,0,2,21.0,2,0,73.5,True,False,True,1,3
122,0,3,29.69911764705882,0,0,8.05,True,False,True,1,1
123,0,2,32.5,1,0,30.0708,True,False,False,1,2
124,1,2,32.5,0,0,13.0,False,False,True,0,1
125,0,1,54.0,0,1,77.2875,True,False,True,1,2
126,1,3,12.0,1,0,11.2417,True,False,False,1,2
127,0,3,29.69911764705882,0,0,7.75,True,True,False,1,1
128,1,3,24.0,0,0,7.1417,True,False,True,1,1
129,1,3,29.69911764705882,1,1,22.3583,False,False,False,0,3
130,0,3,45.0,0,0,6.975,True,False,True,1,1
131,0,3,33.0,0,0,7.8958,True,False,False,1,1
132,0,3,20.0,0,0,7.05,True,False,True,1,1
133,0,3,47.0,1,0,14.5,False,False,True,0,2
134,1,2,29.0,1,0,26.0,False,False,True,0,2
135,0,2,25.0,0,0,13.0,True,False,True,1,1
136,0,2,23.0,0,0,15.0458,True,False,False,1,1
137,1,1,19.0,0,2,26.2833,False,False,True,0,3
138,0,1,37.0,1,0,53.1,True,False,True,1,2
139,0,3,16.0,0,0,9.2167,True,False,True,1,1
140,0,1,24.0,0,0,79.2,True,False,False,1,1
141,0,3,29.69911764705882,0,2,15.2458,False,False,False,0,3
142,1,3,22.0,0,0,7.75,False,False,True,0,1
143,1,3,24.0,1,0,15.85,False,False,True,0,2
144,0,3,19.0,0,0,6.75,True,True,False,1,1
145,0,2,18.0,0,0,11.5,True,False,True,1,1
146,0,2,19.0,1,1,36.75,True,False,True,1,3
147,1,3,27.0,0,0,7.7958,True,False,True,1,1
148,0,3,9.0,2,2,34.375,False,False,True,0,5
149,0,2,36.5,0,2,26.0,True,False,True,1,3
150,0,2,42.0,0,0,13.0,True,False,True,1,1
151,0,2,51.0,0,0,12.525,True,False,True,1,1
152,1,1,22.0,1,0,66.6,False,False,True,0,2
153,0,3,55.5,0,0,8.05,True,False,True,1,1
154,0,3,40.5,0,2,14.5,True,False,True,1,3
155,0,3,29.69911764705882,0,0,7.3125,True,False,True,1,1
156,0,1,51.0,0,1,61.3792,True,False,False,1,2
157,1,3,16.0,0,0,7.7333,False,True,False,0,1
158,0,3,30.0,0,0,8.05,True,False,True,1,1
159,0,3,29.69911764705882,0,0,8.6625,True,False,True,1,1
160,0,3,29.69911764705882,8,2,69.55,True,False,True,1,11
161,0,3,44.0,0,1,16.1,True,False,True,1,2
162,1,2,40.0,0,0,15.75,False,False,True,0,1
163,0,3,26.0,0,0,7.775,True,False,True,1,1
164,0,3,17.0,0,0,8.6625,True,False,True,1,1
165,0,3,1.0,4,1,39.6875,True,False,True,1,6
166,1,3,9.0,0,2,20.525,True,False,True,1,3
167,1,1,29.69911764705882,0,1,55.0,False,False,True,0,2
168,0,3,45.0,1,4,27.9,False,False,True,0,6
169,0,1,29.69911764705882,0,0,25.925,True,False,True,1,1
170,0,3,28.0,0,0,56.4958,True,False,True,1,1
171,0,1,61.0,0,0,33.5,True,False,True,1,1
172,0,3,4.0,4,1,29.125,True,True,False,1,6
173,1,3,1.0,1,1,11.1333,False,False,True,0,3
174,0,3,21.0,0,0,7.925,True,False,True,1,1
175,0,1,56.0,0,0,30.6958,True,False,False,1,1
176,0,3,18.0,1,1,7.8542,True,False,True,1,3
177,0,3,29.69911764705882,3,1,25.4667,True,False,True,1,5
178,0,1,50.0,0,0,28.7125,False,False,False,0,1
179,0,2,30.0,0,0,13.0,True,False,True,1,1
180,0,3,36.0,0,0,0.0,True,False,True,1,1
181,0,3,29.69911764705882,8,2,69.55,False,False,True,0,11
182,0,2,29.69911764705882,0,0,15.05,True,False,False,1,1
183,0,3,9.0,4,2,31.3875,True,False,True,1,7
184,1,2,1.0,2,1,39.0,True,False,True,1,4
185,1,3,4.0,0,2,22.025,False,False,True,0,3
186,0,1,29.69911764705882,0,0,50.0,True,False,True,1,1
187,1,3,29.69911764705882,1,0,15.5,False,True,False,0,2
188,1,1,45.0,0,0,26.55,True,False,True,1,1
189,0,3,40.0,1,1,15.5,True,True,False,1,3
190,0,3,36.0,0,0,7.8958,True,False,True,1,1
191,1,2,32.0,0,0,13.0,False,False,True,0,1
192,0,2,19.0,0,0,13.0,True,False,True,1,1
193,1,3,19.0,1,0,7.8542,False,False,True,0,2
194,1,2,3.0,1,1,26.0,True,False,True,1,3
195,1,1,44.0,0,0,27.7208,False,False,False,0,1
196,1,1,58.0,0,0,146.5208,False,False,False,0,1
197,0,3,29.69911764705882,0,0,7.75,True,True,False,1,1
198,0,3,42.0,0,1,8.4042,True,False,True,1,2
199,1,3,29.69911764705882,0,0,7.75,False,True,False,0,1
200,0,2,24.0,0,0,13.0,False,False,True,0,1
201,0,3,28.0,0,0,9.5,True,False,True,1,1
202,0,3,29.69911764705882,8,2,69.55,True,False,True,1,11
203,0,3,34.0,0,0,6.4958,True,False,True,1,1
204,0,3,45.5,0,0,7.225,True,False,False,1,1
205,1,3,18.0,0,0,8.05,True,False,True,1,1
206,0,3,2.0,0,1,10.4625,False,False,True,0,2
207,0,3,32.0,1,0,15.85,True,False,True,1,2
208,1,3,26.0,0,0,18.7875,True,False,False,1,1
209,1,3,16.0,0,0,7.75,False,True,False,0,1
210,1,1,40.0,0,0,31.0,True,False,False,1,1
211,0,3,24.0,0,0,7.05,True,False,True,1,1
212,1,2,35.0,0,0,21.0,False,False,True,0,1
213,0,3,22.0,0,0,7.25,True,False,True,1,1
214,0,2,30.0,0,0,13.0,True,False,True,1,1
215,0,3,29.69911764705882,1,0,7.75,True,True,False,1,2
216,1,1,31.0,1,0,113.275,False,False,False,0,2
217,1,3,27.0,0,0,7.925,False,False,True,0,1
218,0,2,42.0,1,0,27.0,True,False,True,1,2
219,1,1,32.0,0,0,76.2917,False,False,False,0,1
220,0,2,30.0,0,0,10.5,True,False,True,1,1
221,1,3,16.0,0,0,8.05,True,False,True,1,1
222,0,2,27.0,0,0,13.0,True,False,True,1,1
223,0,3,51.0,0,0,8.05,True,False,True,1,1
224,0,3,29.69911764705882,0,0,7.8958,True,False,True,1,1
225,1,1,38.0,1,0,90.0,True,False,True,1,2
226,0,3,22.0,0,0,9.35,True,False,True,1,1
227,1,2,19.0,0,0,10.5,True,False,True,1,1
228,0,3,20.5,0,0,7.25,True,False,True,1,1
229,0,2,18.0,0,0,13.0,True,False,True,1,1
230,0,3,29.69911764705882,3,1,25.4667,False,False,True,0,5
231,1,1,35.0,1,0,83.475,False,False,True,0,2
232,0,3,29.0,0,0,7.775,True,False,True,1,1
233,0,2,59.0,0,0,13.5,True,False,True,1,1
234,1,3,5.0,4,2,31.3875,False,False,True,0,7
235,0,2,24.0,0,0,10.5,True,False,True,1,1
236,0,3,29.69911764705882,0,0,7.55,False,False,True,0,1
237,0,2,44.0,1,0,26.0,True,False,True,1,2
238,1,2,8.0,0,2,26.25,False,False,True,0,3
239,0,2,19.0,0,0,10.5,True,False,True,1,1
240,0,2,33.0,0,0,12.275,True,False,True,1,1
241,0,3,29.69911764705882,1,0,14.4542,False,False,False,0,2
242,1,3,29.69911764705882,1,0,15.5,False,True,False,0,2
243,0,2,29.0,0,0,10.5,True,False,True,1,1
244,0,3,22.0,0,0,7.125,True,False,True,1,1
245,0,3,30.0,0,0,7.225,True,False,False,1,1
246,0,1,44.0,2,0,90.0,True,True,False,1,3
247,0,3,25.0,0,0,7.775,False,False,True,0,1
248,1,2,24.0,0,2,14.5,False,False,True,0,3
249,1,1,37.0,1,1,52.5542,True,False,True,1,3
250,0,2,54.0,1,0,26.0,True,False,True,1,2
251,0,3,29.69911764705882,0,0,7.25,True,False,True,1,1
252,0,3,29.0,1,1,10.4625,False,False,True,0,3
253,0,1,62.0,0,0,26.55,True,False,True,1,1
254,0,3,30.0,1,0,16.1,True,False,True,1,2
255,0,3,41.0,0,2,20.2125,False,False,True,0,3
256,1,3,29.0,0,2,15.2458,False,False,False,0,3
257,1,1,29.69911764705882,0,0,79.2,False,False,False,0,1
258,1,1,30.0,0,0,86.5,False,False,True,0,1
259,1,1,35.0,0,0,512.3292,False,False,False,0,1
260,1,2,50.0,0,1,26.0,False,False,True,0,2
261,0,3,29.69911764705882,0,0,7.75,True,True,False,1,1
262,1,3,3.0,4,2,31.3875,True,False,True,1,7
263,0,1,52.0,1,1,79.65,True,False,True,1,3
264,0,1,40.0,0,0,0.0,True,False,True,1,1
265,0,3,29.69911764705882,0,0,7.75,False,True,False,0,1
266,0,2,36.0,0,0,10.5,True,False,True,1,1
267,0,3,16.0,4,1,39.6875,True,False,True,1,6
268,1,3,25.0,1,0,7.775,True,False,True,1,2
269,1,1,58.0,0,1,153.4625,False,False,True,0,2
270,1,1,35.0,0,0,135.6333,False,False,True,0,1
271,0,1,29.69911764705882,0,0,31.0,True,False,True,1,1
272,1,3,25.0,0,0,0.0,True,False,True,1,1
273,1,2,41.0,0,1,19.5,False,False,True,0,2
274,0,1,37.0,0,1,29.7,True,False,False,1,2
275,1,3,29.69911764705882,0,0,7.75,False,True,False,0,1
276,1,1,63.0,1,0,77.9583,False,False,True,0,2
277,0,3,45.0,0,0,7.75,False,False,True,0,1
278,0,2,29.69911764705882,0,0,0.0,True,False,True,1,1
279,0,3,7.0,4,1,29.125,True,True,False,1,6
280,1,3,35.0,1,1,20.25,False,False,True,0,3
281,0,3,65.0,0,0,7.75,True,True,False,1,1
282,0,3,28.0,0,0,7.8542,True,False,True,1,1
283,0,3,16.0,0,0,9.5,True,False,True,1,1
284,1,3,19.0,0,0,8.05,True,False,True,1,1
285,0,1,29.69911764705882,0,0,26.0,True,False,True,1,1
286,0,3,33.0,0,0,8.6625,True,False,False,1,1
287,1,3,30.0,0,0,9.5,True,False,True,1,1
288,0,3,22.0,0,0,7.8958,True,False,True,1,1
289,1,2,42.0,0,0,13.0,True,False,True,1,1
290,1,3,22.0,0,0,7.75,False,True,False,0,1
291,1,1,26.0,0,0,78.85,False,False,True,0,1
292,1,1,19.0,1,0,91.0792,False,False,False,0,2
293,0,2,36.0,0,0,12.875,True,False,False,1,1
294,0,3,24.0,0,0,8.85,False,False,True,0,1
295,0,3,24.0,0,0,7.8958,True,False,True,1,1
296,0,1,29.69911764705882,0,0,27.7208,True,False,False,1,1
297,0,3,23.5,0,0,7.2292,True,False,False,1,1
298,0,1,2.0,1,2,151.55,False,False,True,0,4
299,1,1,29.69911764705882,0,0,30.5,True,False,True,1,1
300,1,1,50.0,0,1,247.5208,False,False,False,0,2
301,1,3,29.69911764705882,0,0,7.75,False,True,False,0,1
302,1,3,29.69911764705882,2,0,23.25,True,True,False,1,3
303,0,3,19.0,0,0,0.0,True,False,True,1,1
304,1,2,29.69911764705882,0,0,12.35,False,True,False,0,1
305,0,3,29.69911764705882,0,0,8.05,True,False,True,1,1
306,1,1,0.92,1,2,151.55,True,False,True,1,4
307,1,1,29.69911764705882,0,0,110.8833,False,False,False,0,1
308,1,1,17.0,1,0,108.9,False,False,False,0,2
309,0,2,30.0,1,0,24.0,True,False,False,1,2
310,1,1,30.0,0,0,56.9292,False,False,False,0,1
311,1,1,24.0,0,0,83.1583,False,False,False,0,1
312,1,1,18.0,2,2,262.375,False,False,False,0,5
313,0,2,26.0,1,1,26.0,False,False,True,0,3
314,0,3,28.0,0,0,7.8958,True,False,True,1,1
315,0,2,43.0,1,1,26.25,True,False,True,1,3
316,1,3,26.0,0,0,7.8542,False,False,True,0,1
317,1,2,24.0,1,0,26.0,False,False,True,0,2
318,0,2,54.0,0,0,14.0,True,False,True,1,1
319,1,1,31.0,0,2,164.8667,False,False,True,0,3
320,1,1,40.0,1,1,134.5,False,False,False,0,3
321,0,3,22.0,0,0,7.25,True,False,True,1,1
322,0,3,27.0,0,0,7.8958,True,False,True,1,1
323,1,2,30.0,0,0,12.35,False,True,False,0,1
324,1,2,22.0,1,1,29.0,False,False,True,0,3
325,0,3,29.69911764705882,8,2,69.55,True,False,True,1,11
326,1,1,36.0,0,0,135.6333,False,False,False,0,1
327,0,3,61.0,0,0,6.2375,True,False,True,1,1
328,1,2,36.0,0,0,13.0,False,False,True,0,1
329,1,3,31.0,1,1,20.525,False,False,True,0,3
330,1,1,16.0,0,1,57.9792,False,False,False,0,2
331,1,3,29.69911764705882,2,0,23.25,False,True,False,0,3
332,0,1,45.5,0,0,28.5,True,False,True,1,1
333,0,1,38.0,0,1,153.4625,True,False,True,1,2
334,0,3,16.0,2,0,18.0,True,False,True,1,3
335,1,1,29.69911764705882,1,0,133.65,False,False,True,0,2
336,0,3,29.69911764705882,0,0,7.8958,True,False,True,1,1
337,0,1,29.0,1,0,66.6,True,False,True,1,2
338,1,1,41.0,0,0,134.5,False,False,False,0,1
339,1,3,45.0,0,0,8.05,True,False,True,1,1
340,0,1,45.0,0,0,35.5,True,False,True,1,1
341,1,2,2.0,1,1,26.0,True,False,True,1,3
342,1,1,24.0,3,2,263.0,False,False,True,0,6
343,0,2,28.0,0,0,13.0,True,False,True,1,1
344,0,2,25.0,0,0,13.0,True,False,True,1,1
345,0,2,36.0,0,0,13.0,True,False,True,1,1
346,1,2,24.0,0,0,13.0,False,False,True,0,1
347,1,2,40.0,0,0,13.0,False,False,True,0,1
348,1,3,29.69911764705882,1,0,16.1,False,False,True,0,2
349,1,3,3.0,1,1,15.9,True,False,True,1,3
350,0,3,42.0,0,0,8.6625,True,False,True,1,1
351,0,3,23.0,0,0,9.225,True,False,True,1,1
352,0,1,29.69911764705882,0,0,35.0,True,False,True,1,1
353,0,3,15.0,1,1,7.2292,True,False,False,1,3
354,0,3,25.0,1,0,17.8,True,False,True,1,2
355,0,3,29.69911764705882,0,0,7.225,True,False,False,1,1
356,0,3,28.0,0,0,9.5,True,False,True,1,1
357,1,1,22.0,0,1,55.0,False,False,True,0,2
358,0,2,38.0,0,0,13.0,False,False,True,0,1
359,1,3,29.69911764705882,0,0,7.8792,False,True,False,0,1
360,1,3,29.69911764705882,0,0,7.8792,False,True,False,0,1
361,0,3,40.0,1,4,27.9,True,False,True,1,6
362,0,2,29.0,1,0,27.7208,True,False,False,1,2
363,0,3,45.0,0,1,14.4542,False,False,False,0,2
364,0,3,35.0,0,0,7.05,True,False,True,1,1
365,0,3,29.69911764705882,1,0,15.5,True,True,False,1,2
366,0,3,30.0,0,0,7.25,True,False,True,1,1
367,1,1,60.0,1,0,75.25,False,False,False,0,2
368,1,3,29.69911764705882,0,0,7.2292,False,False,False,0,1
369,1,3,29.69911764705882,0,0,7.75,False,True,False,0,1
370,1,1,24.0,0,0,69.3,False,False,False,0,1
371,1,1,25.0,1,0,55.4417,True,False,False,1,2
372,0,3,18.0,1,0,6.4958,True,False,True,1,2
373,0,3,19.0,0,0,8.05,True,False,True,1,1
374,0,1,22.0,0,0,135.6333,True,False,False,1,1
375,0,3,3.0,3,1,21.075,False,False,True,0,5
376,1,1,29.69911764705882,1,0,82.1708,False,False,False,0,2
377,1,3,22.0,0,0,7.25,False,False,True,0,1
378,0,1,27.0,0,2,211.5,True,False,False,1,3
379,0,3,20.0,0,0,4.0125,True,False,False,1,1
380,0,3,19.0,0,0,7.775,True,False,True,1,1
381,1,1,42.0,0,0,227.525,False,False,False,0,1
382,1,3,1.0,0,2,15.7417,False,False,False,0,3
383,0,3,32.0,0,0,7.925,True,False,True,1,1
384,1,1,35.0,1,0,52.0,False,False,True,0,2
385,0,3,29.69911764705882,0,0,7.8958,True,False,True,1,1
386,0,2,18.0,0,0,73.5,True,False,True,1,1
387,0,3,1.0,5,2,46.9,True,False,True,1,8
388,1,2,36.0,0,0,13.0,False,False,True,0,1
389,0,3,29.69911764705882,0,0,7.7292,True,True,False,1,1
390,1,2,17.0,0,0,12.0,False,False,False,0,1
391,1,1,36.0,1,2,120.0,True,False,True,1,4
392,1,3,21.0,0,0,7.7958,True,False,True,1,1
393,0,3,28.0,2,0,7.925,True,False,True,1,3
394,1,1,23.0,1,0,113.275,False,False,False,0,2
395,1,3,24.0,0,2,16.7,False,False,True,0,3
396,0,3,22.0,0,0,7.7958,True,False,True,1,1
397,0,3,31.0,0,0,7.8542,False,False,True,0,1
398,0,2,46.0,0,0,26.0,True,False,True,1,1
399,0,2,23.0,0,0,10.5,True,False,True,1,1
400,1,2,28.0,0,0,12.65,False,False,True,0,1
401,1,3,39.0,0,0,7.925,True,False,True,1,1
402,0,3,26.0,0,0,8.05,True,False,True,1,1
403,0,3,21.0,1,0,9.825,False,False,True,0,2
404,0,3,28.0,1,0,15.85,True,False,True,1,2
405,0,3,20.0,0,0,8.6625,False,False,True,0,1
406,0,2,34.0,1,0,21.0,True,False,True,1,2
407,0,3,51.0,0,0,7.75,True,False,True,1,1
408,1,2,3.0,1,1,18.75,True,False,True,1,3
409,0,3,21.0,0,0,7.775,True,False,True,1,1
410,0,3,29.69911764705882,3,1,25.4667,False,False,True,0,5
411,0,3,29.69911764705882,0,0,7.8958,True,False,True,1,1
412,0,3,29.69911764705882,0,0,6.8583,True,True,False,1,1
413,1,1,33.0,1,0,90.0,False,True,False,0,2
414,0,2,29.69911764705882,0,0,0.0,True,False,True,1,1
415,1,3,44.0,0,0,7.925,True,False,True,1,1
416,0,3,29.69911764705882,0,0,8.05,False,False,True,0,1
417,1,2,34.0,1,1,32.5,False,False,True,0,3
418,1,2,18.0,0,2,13.0,False,False,True,0,3
419,0,2,30.0,0,0,13.0,True,False,True,1,1
420,0,3,10.0,0,2,24.15,False,False,True,0,3
421,0,3,29.69911764705882,0,0,7.8958,True,False,False,1,1
422,0,3,21.0,0,0,7.7333,True,True,False,1,1
423,0,3,29.0,0,0,7.875,True,False,True,1,1
424,0,3,28.0,1,1,14.4,False,False,True,0,3
425,0,3,18.0,1,1,20.2125,True,False,True,1,3
426,0,3,29.69911764705882,0,0,7.25,True,False,True,1,1
427,1,2,28.0,1,0,26.0,False,False,True,0,2
428,1,2,19.0,0,0,26.0,False,False,True,0,1
429,0,3,29.69911764705882,0,0,7.75,True,True,False,1,1
430,1,3,32.0,0,0,8.05,True,False,True,1,1
431,1,1,28.0,0,0,26.55,True,False,True,1,1
432,1,3,29.69911764705882,1,0,16.1,False,False,True,0,2
433,1,2,42.0,1,0,26.0,False,False,True,0,2
434,0,3,17.0,0,0,7.125,True,False,True,1,1
435,0,1,50.0,1,0,55.9,True,False,True,1,2
436,1,1,14.0,1,2,120.0,False,False,True,0,4
437,0,3,21.0,2,2,34.375,False,False,True,0,5
438,1,2,24.0,2,3,18.75,False,False,True,0,6
439,0,1,64.0,1,4,263.0,True,False,True,1,6
440,0,2,31.0,0,0,10.5,True,False,True,1,1
441,1,2,45.0,1,1,26.25,False,False,True,0,3
442,0,3,20.0,0,0,9.5,True,False,True,1,1
443,0,3,25.0,1,0,7.775,True,False,True,1,2
444,1,2,28.0,0,0,13.0,False,False,True,0,1
445,1,3,29.69911764705882,0,0,8.1125,True,False,True,1,1
446,1,1,4.0,0,2,81.8583,True,False,True,1,3
447,1,2,13.0,0,1,19.5,False,False,True,0,2
448,1,1,34.0,0,0,26.55,True,False,True,1,1
449,1,3,5.0,2,1,19.2583,False,False,False,0,4
450,1,1,52.0,0,0,30.5,True,False,True,1,1
451,0,2,36.0,1,2,27.75,True,False,True,1,4
452,0,3,29.69911764705882,1,0,19.9667,True,False,True,1,2
453,0,1,30.0,0,0,27.75,True,False,False,1,1
454,1,1,49.0,1,0,89.1042,True,False,False,1,2
455,0,3,29.69911764705882,0,0,8.05,True,False,True,1,1
456,1,3,29.0,0,0,7.8958,True,False,False,1,1
457,0,1,65.0,0,0,26.55,True,False,True,1,1
458,1,1,29.69911764705882,1,0,51.8625,False,False,True,0,2
459,1,2,50.0,0,0,10.5,False,False,True,0,1
460,0,3,29.69911764705882,0,0,7.75,True,True,False,1,1
461,1,1,48.0,0,0,26.55,True,False,True,1,1
462,0,3,34.0,0,0,8.05,True,False,True,1,1
463,0,1,47.0,0,0,38.5,True,False,True,1,1
464,0,2,48.0,0,0,13.0,True,False,True,1,1
465,0,3,29.69911764705882,0,0,8.05,True,False,True,1,1
466,0,3,38.0,0,0,7.05,True,False,True,1,1
467,0,2,29.69911764705882,0,0,0.0,True,False,True,1,1
468,0,1,56.0,0,0,26.55,True,False,True,1,1
469,0,3,29.69911764705882,0,0,7.725,True,True,False,1,1
470,1,3,0.75,2,1,19.2583,False,False,False,0,4
471,0,3,29.69911764705882,0,0,7.25,True,False,True,1,1
472,0,3,38.0,0,0,8.6625,True,False,True,1,1
473,1,2,33.0,1,2,27.75,False,False,True,0,4
474,1,2,23.0,0,0,13.7917,False,False,False,0,1
475,0,3,22.0,0,0,9.8375,False,False,True,0,1
476,0,1,29.69911764705882,0,0,52.0,True,False,True,1,1
477,0,2,34.0,1,0,21.0,True,False,True,1,2
478,0,3,29.0,1,0,7.0458,True,False,True,1,2
479,0,3,22.0,0,0,7.5208,True,False,True,1,1
480,1,3,2.0,0,1,12.2875,False,False,True,0,2
481,0,3,9.0,5,2,46.9,True,False,True,1,8
482,0,2,29.69911764705882,0,0,0.0,True,False,True,1,1
483,0,3,50.0,0,0,8.05,True,False,True,1,1
484,1,3,63.0,0,0,9.5875,False,False,True,0,1
485,1,1,25.0,1,0,91.0792,True,False,False,1,2
486,0,3,29.69911764705882,3,1,25.4667,False,False,True,0,5
487,1,1,35.0,1,0,90.0,False,False,True,0,2
488,0,1,58.0,0,0,29.7,True,False,False,1,1
489,0,3,30.0,0,0,8.05,True,False,True,1,1
490,1,3,9.0,1,1,15.9,True,False,True,1,3
491,0,3,29.69911764705882,1,0,19.9667,True,False,True,1,2
492,0,3,21.0,0,0,7.25,True,False,True,1,1
493,0,1,55.0,0,0,30.5,True,False,True,1,1
494,0,1,71.0,0,0,49.5042,True,False,False,1,1
495,0,3,21.0,0,0,8.05,True,False,True,1,1
496,0,3,29.69911764705882,0,0,14.4583,True,False,False,1,1
497,1,1,54.0,1,0,78.2667,False,False,False,0,2
498,0,3,29.69911764705882,0,0,15.1,True,False,True,1,1
499,0,1,25.0,1,2,151.55,False,False,True,0,4
500,0,3,24.0,0,0,7.7958,True,False,True,1,1
501,0,3,17.0,0,0,8.6625,True,False,True,1,1
502,0,3,21.0,0,0,7.75,False,True,False,0,1
503,0,3,29.69911764705882,0,0,7.6292,False,True,False,0,1
504,0,3,37.0,0,0,9.5875,False,False,True,0,1
505,1,1,16.0,0,0,86.5,False,False,True,0,1
506,0,1,18.0,1,0,108.9,True,False,False,1,2
507,1,2,33.0,0,2,26.0,False,False,True,0,3
508,1,1,29.69911764705882,0,0,26.55,True,False,True,1,1
509,0,3,28.0,0,0,22.525,True,False,True,1,1
510,1,3,26.0,0,0,56.4958,True,False,True,1,1
511,1,3,29.0,0,0,7.75,True,True,False,1,1
512,0,3,29.69911764705882,0,0,8.05,True,False,True,1,1
513,1,1,36.0,0,0,26.2875,True,False,True,1,1
514,1,1,54.0,1,0,59.4,False,False,False,0,2
515,0,3,24.0,0,0,7.4958,True,False,True,1,1
516,0,1,47.0,0,0,34.0208,True,False,True,1,1
517,1,2,34.0,0,0,10.5,False,False,True,0,1
518,0,3,29.69911764705882,0,0,24.15,True,True,False,1,1
519,1,2,36.0,1,0,26.0,False,False,True,0,2
520,0,3,32.0,0,0,7.8958,True,False,True,1,1
521,1,1,30.0,0,0,93.5,False,False,True,0,1
522,0,3,22.0,0,0,7.8958,True,False,True,1,1
523,0,3,29.69911764705882,0,0,7.225,True,False,False,1,1
524,1,1,44.0,0,1,57.9792,False,False,False,0,2
525,0,3,29.69911764705882,0,0,7.2292,True,False,False,1,1
526,0,3,40.5,0,0,7.75,True,True,False,1,1
527,1,2,50.0,0,0,10.5,False,False,True,0,1
528,0,1,29.69911764705882,0,0,221.7792,True,False,True,1,1
529,0,3,39.0,0,0,7.925,True,False,True,1,1
530,0,2,23.0,2,1,11.5,True,False,True,1,4
531,1,2,2.0,1,1,26.0,False,False,True,0,3
532,0,3,29.69911764705882,0,0,7.2292,True,False,False,1,1
533,0,3,17.0,1,1,7.2292,True,False,False,1,3
534,1,3,29.69911764705882,0,2,22.3583,False,False,False,0,3
535,0,3,30.0,0,0,8.6625,False,False,True,0,1
536,1,2,7.0,0,2,26.25,False,False,True,0,3
537,0,1,45.0,0,0,26.55,True,False,True,1,1
538,1,1,30.0,0,0,106.425,False,False,False,0,1
539,0,3,29.69911764705882,0,0,14.5,True,False,True,1,1
540,1,1,22.0,0,2,49.5,False,False,False,0,3
541,1,1,36.0,0,2,71.0,False,False,True,0,3
542,0,3,9.0,4,2,31.275,False,False,True,0,7
543,0,3,11.0,4,2,31.275,False,False,True,0,7
544,1,2,32.0,1,0,26.0,True,False,True,1,2
545,0,1,50.0,1,0,106.425,True,False,False,1,2
546,0,1,64.0,0,0,26.0,True,False,True,1,1
547,1,2,19.0,1,0,26.0,False,False,True,0,2
548,1,2,29.69911764705882,0,0,13.8625,True,False,False,1,1
549,0,3,33.0,1,1,20.525,True,False,True,1,3
550,1,2,8.0,1,1,36.75,True,False,True,1,3
551,1,1,17.0,0,2,110.8833,True,False,False,1,3
552,0,2,27.0,0,0,26.0,True,False,True,1,1
553,0,3,29.69911764705882,0,0,7.8292,True,True,False,1,1
554,1,3,22.0,0,0,7.225,True,False,False,1,1
555,1,3,22.0,0,0,7.775,False,False,True,0,1
556,0,1,62.0,0,0,26.55,True,False,True,1,1
557,1,1,48.0,1,0,39.6,False,False,False,0,2
558,0,1,29.69911764705882,0,0,227.525,True,False,False,1,1
559,1,1,39.0,1,1,79.65,False,False,True,0,3
560,1,3,36.0,1,0,17.4,False,False,True,0,2
561,0,3,29.69911764705882,0,0,7.75,True,True,False,1,1
562,0,3,40.0,0,0,7.8958,True,False,True,1,1
563,0,2,28.0,0,0,13.5,True,False,True,1,1
564,0,3,29.69911764705882,0,0,8.05,True,False,True,1,1
565,0,3,29.69911764705882,0,0,8.05,False,False,True,0,1
566,0,3,24.0,2,0,24.15,True,False,True,1,3
567,0,3,19.0,0,0,7.8958,True,False,True,1,1
568,0,3,29.0,0,4,21.075,False,False,True,0,5
569,0,3,29.69911764705882,0,0,7.2292,True,False,False,1,1
570,1,3,32.0,0,0,7.8542,True,False,True,1,1
571,1,2,62.0,0,0,10.5,True,False,True,1,1
572,1,1,53.0,2,0,51.4792,False,False,True,0,3
573,1,1,36.0,0,0,26.3875,True,False,True,1,1
574,1,3,29.69911764705882,0,0,7.75,False,True,False,0,1
575,0,3,16.0,0,0,8.05,True,False,True,1,1
576,0,3,19.0,0,0,14.5,True,False,True,1,1
577,1,2,34.0,0,0,13.0,False,False,True,0,1
578,1,1,39.0,1,0,55.9,False,False,True,0,2
579,0,3,29.69911764705882,1,0,14.4583,False,False,False,0,2
580,1,3,32.0,0,0,7.925,True,False,True,1,1
581,1,2,25.0,1,1,30.0,False,False,True,0,3
582,1,1,39.0,1,1,110.8833,False,False,False,0,3
583,0,2,54.0,0,0,26.0,True,False,True,1,1
584,0,1,36.0,0,0,40.125,True,False,False,1,1
585,0,3,29.69911764705882,0,0,8.7125,True,False,False,1,1
586,1,1,18.0,0,2,79.65,False,False,True,0,3
587,0,2,47.0,0,0,15.0,True,False,True,1,1
588,1,1,60.0,1,1,79.2,True,False,False,1,3
589,0,3,22.0,0,0,8.05,True,False,True,1,1
590,0,3,29.69911764705882,0,0,8.05,True,False,True,1,1
591,0,3,35.0,0,0,7.125,True,False,True,1,1
592,1,1,52.0,1,0,78.2667,False,False,False,0,2
593,0,3,47.0,0,0,7.25,True,False,True,1,1
594,0,3,29.69911764705882,0,2,7.75,False,True,False,0,3
595,0,2,37.0,1,0,26.0,True,False,True,1,2
596,0,3,36.0,1,1,24.15,True,False,True,1,3
597,1,2,29.69911764705882,0,0,33.0,False,False,True,0,1
598,0,3,49.0,0,0,0.0,True,False,True,1,1
599,0,3,29.69911764705882,0,0,7.225,True,False,False,1,1
600,1,1,49.0,1,0,56.9292,True,False,False,1,2
601,1,2,24.0,2,1,27.0,False,False,True,0,4
602,0,3,29.69911764705882,0,0,7.8958,True,False,True,1,1
603,0,1,29.69911764705882,0,0,42.4,True,False,True,1,1
604,0,3,44.0,0,0,8.05,True,False,True,1,1
605,1,1,35.0,0,0,26.55,True,False,False,1,1
606,0,3,36.0,1,0,15.55,True,False,True,1,2
607,0,3,30.0,0,0,7.8958,True,False,True,1,1
608,1,1,27.0,0,0,30.5,True,False,True,1,1
609,1,2,22.0,1,2,41.5792,False,False,False,0,4
610,1,1,40.0,0,0,153.4625,False,False,True,0,1
611,0,3,39.0,1,5,31.275,False,False,True,0,7
612,0,3,29.69911764705882,0,0,7.05,True,False,True,1,1
613,1,3,29.69911764705882,1,0,15.5,False,True,False,0,2
614,0,3,29.69911764705882,0,0,7.75,True,True,False,1,1
615,0,3,35.0,0,0,8.05,True,False,True,1,1
616,1,2,24.0,1,2,65.0,False,False,True,0,4
617,0,3,34.0,1,1,14.4,True,False,True,1,3
618,0,3,26.0,1,0,16.1,False,False,True,0,2
619,1,2,4.0,2,1,39.0,False,False,True,0,4
620,0,2,26.0,0,0,10.5,True,False,True,1,1
621,0,3,27.0,1,0,14.4542,True,False,False,1,2
622,1,1,42.0,1,0,52.5542,True,False,True,1,2
623,1,3,20.0,1,1,15.7417,True,False,False,1,3
624,0,3,21.0,0,0,7.8542,True,False,True,1,1
625,0,3,21.0,0,0,16.1,True,False,True,1,1
626,0,1,61.0,0,0,32.3208,True,False,True,1,1
627,0,2,57.0,0,0,12.35,True,True,False,1,1
628,1,1,21.0,0,0,77.9583,False,False,True,0,1
629,0,3,26.0,0,0,7.8958,True,False,True,1,1
630,0,3,29.69911764705882,0,0,7.7333,True,True,False,1,1
631,1,1,80.0,0,0,30.0,True,False,True,1,1
632,0,3,51.0,0,0,7.0542,True,False,True,1,1
633,1,1,32.0,0,0,30.5,True,False,False,1,1
634,0,1,29.69911764705882,0,0,0.0,True,False,True,1,1
635,0,3,9.0,3,2,27.9,False,False,True,0,6
636,1,2,28.0,0,0,13.0,False,False,True,0,1
637,0,3,32.0,0,0,7.925,True,False,True,1,1
638,0,2,31.0,1,1,26.25,True,False,True,1,3
639,0,3,41.0,0,5,39.6875,False,False,True,0,6
640,0,3,29.69911764705882,1,0,16.1,True,False,True,1,2
641,0,3,20.0,0,0,7.8542,True,False,True,1,1
642,1,1,24.0,0,0,69.3,False,False,False,0,1
643,0,3,2.0,3,2,27.9,False,False,True,0,6
644,1,3,29.69911764705882,0,0,56.4958,True,False,True,1,1
645,1,3,0.75,2,1,19.2583,False,False,False,0,4
646,1,1,48.0,1,0,76.7292,True,False,False,1,2
647,0,3,19.0,0,0,7.8958,True,False,True,1,1
648,1,1,56.0,0,0,35.5,True,False,False,1,1
649,0,3,29.69911764705882,0,0,7.55,True,False,True,1,1
650,1,3,23.0,0,0,7.55,False,False,True,0,1
651,0,3,29.69911764705882,0,0,7.8958,True,False,True,1,1
652,1,2,18.0,0,1,23.0,False,False,True,0,2
653,0,3,21.0,0,0,8.4333,True,False,True,1,1
654,1,3,29.69911764705882,0,0,7.8292,False,True,False,0,1
655,0,3,18.0,0,0,6.75,False,True,False,0,1
656,0,2,24.0,2,0,73.5,True,False,True,1,3
657,0,3,29.69911764705882,0,0,7.8958,True,False,True,1,1
658,0,3,32.0,1,1,15.5,False,True,False,0,3
659,0,2,23.0,0,0,13.0,True,False,True,1,1
660,0,1,58.0,0,2,113.275,True,False,False,1,3
661,1,1,50.0,2,0,133.65,True,False,True,1,3
662,0,3,40.0,0,0,7.225,True,False,False,1,1
663,0,1,47.0,0,0,25.5875,True,False,True,1,1
664,0,3,36.0,0,0,7.4958,True,False,True,1,1
665,1,3,20.0,1,0,7.925,True,False,True,1,2
666,0,2,32.0,2,0,73.5,True,False,True,1,3
667,0,2,25.0,0,0,13.0,True,False,True,1,1
668,0,3,29.69911764705882,0,0,7.775,True,False,True,1,1
669,0,3,43.0,0,0,8.05,True,False,True,1,1
670,1,1,29.69911764705882,1,0,52.0,False,False,True,0,2
671,1,2,40.0,1,1,39.0,False,False,True,0,3
672,0,1,31.0,1,0,52.0,True,False,True,1,2
673,0,2,70.0,0,0,10.5,True,False,True,1,1
674,1,2,31.0,0,0,13.0,True,False,True,1,1
675,0,2,29.69911764705882,0,0,0.0,True,False,True,1,1
676,0,3,18.0,0,0,7.775,True,False,True,1,1
677,0,3,24.5,0,0,8.05,True,False,True,1,1
678,1,3,18.0,0,0,9.8417,False,False,True,0,1
679,0,3,43.0,1,6,46.9,False,False,True,0,8
680,1,1,36.0,0,1,512.3292,True,False,False,1,2
681,0,3,29.69911764705882,0,0,8.1375,False,True,False,0,1
682,1,1,27.0,0,0,76.7292,True,False,False,1,1
683,0,3,20.0,0,0,9.225,True,False,True,1,1
684,0,3,14.0,5,2,46.9,True,False,True,1,8
685,0,2,60.0,1,1,39.0,True,False,True,1,3
686,0,2,25.0,1,2,41.5792,True,False,False,1,4
687,0,3,14.0,4,1,39.6875,True,False,True,1,6
688,0,3,19.0,0,0,10.1708,True,False,True,1,1
689,0,3,18.0,0,0,7.7958,True,False,True,1,1
690,1,1,15.0,0,1,211.3375,False,False,True,0,2
691,1,1,31.0,1,0,57.0,True,False,True,1,2
692,1,3,4.0,0,1,13.4167,False,False,False,0,2
693,1,3,29.69911764705882,0,0,56.4958,True,False,True,1,1
694,0,3,25.0,0,0,7.225,True,False,False,1,1
695,0,1,60.0,0,0,26.55,True,False,True,1,1
696,0,2,52.0,0,0,13.5,True,False,True,1,1
697,0,3,44.0,0,0,8.05,True,False,True,1,1
698,1,3,29.69911764705882,0,0,7.7333,False,True,False,0,1
699,0,1,49.0,1,1,110.8833,True,False,False,1,3
700,0,3,42.0,0,0,7.65,True,False,True,1,1
701,1,1,18.0,1,0,227.525,False,False,False,0,2
702,1,1,35.0,0,0,26.2875,True,False,True,1,1
703,0,3,18.0,0,1,14.4542,False,False,False,0,2
704,0,3,25.0,0,0,7.7417,True,True,False,1,1
705,0,3,26.0,1,0,7.8542,True,False,True,1,2
706,0,2,39.0,0,0,26.0,True,False,True,1,1
707,1,2,45.0,0,0,13.5,False,False,True,0,1
708,1,1,42.0,0,0,26.2875,True,False,True,1,1
709,1,1,22.0,0,0,151.55,False,False,True,0,1
710,1,3,29.69911764705882,1,1,15.2458,True,False,False,1,3
711,1,1,24.0,0,0,49.5042,False,False,False,0,1
712,0,1,29.69911764705882,0,0,26.55,True,False,True,1,1
713,1,1,48.0,1,0,52.0,True,False,True,1,2
714,0,3,29.0,0,0,9.4833,True,False,True,1,1
715,0,2,52.0,0,0,13.0,True,False,True,1,1
716,0,3,19.0,0,0,7.65,True,False,True,1,1
717,1,1,38.0,0,0,227.525,False,False,False,0,1
718,1,2,27.0,0,0,10.5,False,False,True,0,1
719,0,3,29.69911764705882,0,0,15.5,True,True,False,1,1
720,0,3,33.0,0,0,7.775,True,False,True,1,1
721,1,2,6.0,0,1,33.0,False,False,True,0,2
722,0,3,17.0,1,0,7.0542,True,False,True,1,2
723,0,2,34.0,0,0,13.0,True,False,True,1,1
724,0,2,50.0,0,0,13.0,True,False,True,1,1
725,1,1,27.0,1,0,53.1,True,False,True,1,2
726,0,3,20.0,0,0,8.6625,True,False,True,1,1
727,1,2,30.0,3,0,21.0,False,False,True,0,4
728,1,3,29.69911764705882,0,0,7.7375,False,True,False,0,1
729,0,2,25.0,1,0,26.0,True,False,True,1,2
730,0,3,25.0,1,0,7.925,False,False,True,0,2
731,1,1,29.0,0,0,211.3375,False,False,True,0,1
732,0,3,11.0,0,0,18.7875,True,False,False,1,1
733,0,2,29.69911764705882,0,0,0.0,True,False,True,1,1
734,0,2,23.0,0,0,13.0,True,False,True,1,1
735,0,2,23.0,0,0,13.0,True,False,True,1,1
736,0,3,28.5,0,0,16.1,True,False,True,1,1
737,0,3,48.0,1,3,34.375,False,False,True,0,5
738,1,1,35.0,0,0,512.3292,True,False,False,1,1
739,0,3,29.69911764705882,0,0,7.8958,True,False,True,1,1
740,0,3,29.69911764705882,0,0,7.8958,True,False,True,1,1
741,1,1,29.69911764705882,0,0,30.0,True,False,True,1,1
742,0,1,36.0,1,0,78.85,True,False,True,1,2
743,1,1,21.0,2,2,262.375,False,False,False,0,5
744,0,3,24.0,1,0,16.1,True,False,True,1,2
745,1,3,31.0,0,0,7.925,True,False,True,1,1
746,0,1,70.0,1,1,71.0,True,False,True,1,3
747,0,3,16.0,1,1,20.25,True,False,True,1,3
748,1,2,30.0,0,0,13.0,False,False,True,0,1
749,0,1,19.0,1,0,53.1,True,False,True,1,2
750,0,3,31.0,0,0,7.75,True,True,False,1,1
751,1,2,4.0,1,1,23.0,False,False,True,0,3
752,1,3,6.0,0,1,12.475,True,False,True,1,2
753,0,3,33.0,0,0,9.5,True,False,True,1,1
754,0,3,23.0,0,0,7.8958,True,False,True,1,1
755,1,2,48.0,1,2,65.0,False,False,True,0,4
756,1,2,0.67,1,1,14.5,True,False,True,1,3
757,0,3,28.0,0,0,7.7958,True,False,True,1,1
758,0,2,18.0,0,0,11.5,True,False,True,1,1
759,0,3,34.0,0,0,8.05,True,False,True,1,1
760,1,1,33.0,0,0,86.5,False,False,True,0,1
761,0,3,29.69911764705882,0,0,14.5,True,False,True,1,1
762,0,3,41.0,0,0,7.125,True,False,True,1,1
763,1,3,20.0,0,0,7.2292,True,False,False,1,1
764,1,1,36.0,1,2,120.0,False,False,True,0,4
765,0,3,16.0,0,0,7.775,True,False,True,1,1
766,1,1,51.0,1,0,77.9583,False,False,True,0,2
767,0,1,29.69911764705882,0,0,39.6,True,False,False,1,1
768,0,3,30.5,0,0,7.75,False,True,False,0,1
769,0,3,29.69911764705882,1,0,24.15,True,True,False,1,2
770,0,3,32.0,0,0,8.3625,True,False,True,1,1
771,0,3,24.0,0,0,9.5,True,False,True,1,1
772,0,3,48.0,0,0,7.8542,True,False,True,1,1
773,0,2,57.0,0,0,10.5,False,False,True,0,1
774,0,3,29.69911764705882,0,0,7.225,True,False,False,1,1
775,1,2,54.0,1,3,23.0,False,False,True,0,5
776,0,3,18.0,0,0,7.75,True,False,True,1,1
777,0,3,29.69911764705882,0,0,7.75,True,True,False,1,1
778,1,3,5.0,0,0,12.475,False,False,True,0,1
779,0,3,29.69911764705882,0,0,7.7375,True,True,False,1,1
780,1,1,43.0,0,1,211.3375,False,False,True,0,2
781,1,3,13.0,0,0,7.2292,False,False,False,0,1
782,1,1,17.0,1,0,57.0,False,False,True,0,2
783,0,1,29.0,0,0,30.0,True,False,True,1,1
784,0,3,29.69911764705882,1,2,23.45,True,False,True,1,4
785,0,3,25.0,0,0,7.05,True,False,True,1,1
786,0,3,25.0,0,0,7.25,True,False,True,1,1
787,1,3,18.0,0,0,7.4958,False,False,True,0,1
788,0,3,8.0,4,1,29.125,True,True,False,1,6
789,1,3,1.0,1,2,20.575,True,False,True,1,4
790,0,1,46.0,0,0,79.2,True,False,False,1,1
791,0,3,29.69911764705882,0,0,7.75,True,True,False,1,1
792,0,2,16.0,0,0,26.0,True,False,True,1,1
793,0,3,29.69911764705882,8,2,69.55,False,False,True,0,11
794,0,1,29.69911764705882,0,0,30.6958,True,False,False,1,1
795,0,3,25.0,0,0,7.8958,True,False,True,1,1
796,0,2,39.0,0,0,13.0,True,False,True,1,1
797,1,1,49.0,0,0,25.9292,False,False,True,0,1
798,1,3,31.0,0,0,8.6833,False,False,True,0,1
799,0,3,30.0,0,0,7.2292,True,False,False,1,1
800,0,3,30.0,1,1,24.15,False,False,True,0,3
801,0,2,34.0,0,0,13.0,True,False,True,1,1
802,1,2,31.0,1,1,26.25,False,False,True,0,3
803,1,1,11.0,1,2,120.0,True,False,True,1,4
804,1,3,0.42,0,1,8.5167,True,False,False,1,2
805,1,3,27.0,0,0,6.975,True,False,True,1,1
806,0,3,31.0,0,0,7.775,True,False,True,1,1
807,0,1,39.0,0,0,0.0,True,False,True,1,1
808,0,3,18.0,0,0,7.775,False,False,True,0,1
809,0,2,39.0,0,0,13.0,True,False,True,1,1
810,1,1,33.0,1,0,53.1,False,False,True,0,2
811,0,3,26.0,0,0,7.8875,True,False,True,1,1
812,0,3,39.0,0,0,24.15,True,False,True,1,1
813,0,2,35.0,0,0,10.5,True,False,True,1,1
814,0,3,6.0,4,2,31.275,False,False,True,0,7
815,0,3,30.5,0,0,8.05,True,False,True,1,1
816,0,1,29.69911764705882,0,0,0.0,True,False,True,1,1
817,0,3,23.0,0,0,7.925,False,False,True,0,1
818,0,2,31.0,1,1,37.0042,True,False,False,1,3
819,0,3,43.0,0,0,6.45,True,False,True,1,1
820,0,3,10.0,3,2,27.9,True,False,True,1,6
821,1,1,52.0,1,1,93.5,False,False,True,0,3
822,1,3,27.0,0,0,8.6625,True,False,True,1,1
823,0,1,38.0,0,0,0.0,True,False,True,1,1
824,1,3,27.0,0,1,12.475,False,False,True,0,2
825,0,3,2.0,4,1,39.6875,True,False,True,1,6
826,0,3,29.69911764705882,0,0,6.95,True,True,False,1,1
827,0,3,29.69911764705882,0,0,56.4958,True,False,True,1,1
828,1,2,1.0,0,2,37.0042,True,False,False,1,3
829,1,3,29.69911764705882,0,0,7.75,True,True,False,1,1
830,1,1,62.0,0,0,80.0,False,False,True,0,1
831,1,3,15.0,1,0,14.4542,False,False,False,0,2
832,1,2,0.83,1,1,18.75,True,False,True,1,3
833,0,3,29.69911764705882,0,0,7.2292,True,False,False,1,1
834,0,3,23.0,0,0,7.8542,True,False,True,1,1
835,0,3,18.0,0,0,8.3,True,False,True,1,1
836,1,1,39.0,1,1,83.1583,False,False,False,0,3
837,0,3,21.0,0,0,8.6625,True,False,True,1,1
838,0,3,29.69911764705882,0,0,8.05,True,False,True,1,1
839,1,3,32.0,0,0,56.4958,True,False,True,1,1
840,1,1,29.69911764705882,0,0,29.7,True,False,False,1,1
841,0,3,20.0,0,0,7.925,True,False,True,1,1
842,0,2,16.0,0,0,10.5,True,False,True,1,1
843,1,1,30.0,0,0,31.0,False,False,False,0,1
844,0,3,34.5,0,0,6.4375,True,False,False,1,1
845,0,3,17.0,0,0,8.6625,True,False,True,1,1
846,0,3,42.0,0,0,7.55,True,False,True,1,1
847,0,3,29.69911764705882,8,2,69.55,True,False,True,1,11
848,0,3,35.0,0,0,7.8958,True,False,False,1,1
849,0,2,28.0,0,1,33.0,True,False,True,1,2
850,1,1,29.69911764705882,1,0,89.1042,False,False,False,0,2
851,0,3,4.0,4,2,31.275,True,False,True,1,7
852,0,3,74.0,0,0,7.775,True,False,True,1,1
853,0,3,9.0,1,1,15.2458,False,False,False,0,3
854,1,1,16.0,0,1,39.4,False,False,True,0,2
855,0,2,44.0,1,0,26.0,False,False,True,0,2
856,1,3,18.0,0,1,9.35,False,False,True,0,2
857,1,1,45.0,1,1,164.8667,False,False,True,0,3
858,1,1,51.0,0,0,26.55,True,False,True,1,1
859,1,3,24.0,0,3,19.2583,False,False,False,0,4
860,0,3,29.69911764705882,0,0,7.2292,True,False,False,1,1
861,0,3,41.0,2,0,14.1083,True,False,True,1,3
862,0,2,21.0,1,0,11.5,True,False,True,1,2
863,1,1,48.0,0,0,25.9292,False,False,True,0,1
864,0,3,29.69911764705882,8,2,69.55,False,False,True,0,11
865,0,2,24.0,0,0,13.0,True,False,True,1,1
866,1,2,42.0,0,0,13.0,False,False,True,0,1
867,1,2,27.0,1,0,13.8583,False,False,False,0,2
868,0,1,31.0,0,0,50.4958,True,False,True,1,1
869,0,3,29.69911764705882,0,0,9.5,True,False,True,1,1
870,1,3,4.0,1,1,11.1333,True,False,True,1,3
871,0,3,26.0,0,0,7.8958,True,False,True,1,1
872,1,1,47.0,1,1,52.5542,False,False,True,0,3
873,0,1,33.0,0,0,5.0,True,False,True,1,1
874,0,3,47.0,0,0,9.0,True,False,True,1,1
875,1,2,28.0,1,0,24.0,False,False,False,0,2
876,1,3,15.0,0,0,7.225,False,False,False,0,1
877,0,3,20.0,0,0,9.8458,True,False,True,1,1
878,0,3,19.0,0,0,7.8958,True,False,True,1,1
879,0,3,29.69911764705882,0,0,7.8958,True,False,True,1,1
880,1,1,56.0,0,1,83.1583,False,False,False,0,2
881,1,2,25.0,0,1,26.0,False,False,True,0,2
882,0,3,33.0,0,0,7.8958,True,False,True,1,1
883,0,3,22.0,0,0,10.5167,False,False,True,0,1
884,0,2,28.0,0,0,10.5,True,False,True,1,1
885,0,3,25.0,0,0,7.05,True,False,True,1,1
886,0,3,39.0,0,5,29.125,False,True,False,0,6
887,0,2,27.0,0,0,13.0,True,False,True,1,1
888,1,1,19.0,0,0,30.0,False,False,True,0,1
889,0,3,29.69911764705882,1,2,23.45,False,False,True,0,4
890,1,1,26.0,0,0,30.0,True,False,False,1,1
891,0,3,32.0,0,0,7.75,True,True,False,1,1
